# T = [[12-4sqrt5, 2sqrt5-2],[2sqrt5-4, 2]]; Lambda2/Lambda1 = 0.355318229528
n,abs_error
1,0.0996668103868
2,0.0354134346094
3,0.0125830388869
4,0.00447098309939
5,0.00158862179912
6,0.000564466285055
7,0.000200565161034
8,7.12644579236e-05
9,2.53215610176e-05
10,8.99721222958e-06
11,3.19687352002e-06
12,1.13590743911e-06
13,4.03608620081e-07
14,1.43409500164e-07
15,5.0956009634e-08
16,1.810559902e-08
17,6.43324915561e-09
18,2.2858506199e-09
19,8.12204303813e-10
20,2.88590928932e-10
21,1.025414198e-10
22,3.64348551329e-11
23,1.29459776232e-11
24,4.59987603563e-12
25,1.63424829225e-12
26,5.80757664181e-13
27,2.06279437975e-13
28,7.32747196253e-14
29,2.60902410787e-14
30,9.21485110439e-15
31,3.21964677141e-15
32,1.11022302463e-15
33,3.33066907388e-16
34,1.11022302463e-16
35,1.11022302463e-16
